model,cv_acc_mean,cv_acc_std,cv_f1_mean,cv_f1_std,test_acc,test_macro_f1
RandomForest,0.9714285714285715,0.05714285714285716,0.9733333333333334,0.05333333333333332,1.0,1.0
HistGradientBoosting,0.3142857142857142,0.023328473740792173,0.15925925925925924,0.009072184232530289,0.375,0.1818181818181818
LogisticRegression,0.9714285714285715,0.05714285714285716,0.9733333333333334,0.05333333333333332,0.75,0.7301587301587301
